label,build_warmup_seconds,build_steady_seconds,build_total_seconds,query_warmup_seconds,query_steady_seconds,build_cpu_seconds,build_cpu_utilisation,build_rss_delta_bytes,build_max_rss_bytes,query_cpu_seconds,query_cpu_utilisation,query_rss_delta_bytes,query_max_rss_bytes
PCCT (Numba),0.012444018997484818,0.6745586487476618,42.50963889010018,0.4909768920042552,0.4593494379951153,51.118299,1.2024819562851927,963387392,3563569152,10.916443,23.759727220649744,8192,3563569152
GPBoost CoverTree,2.7002070960006677,2.7002070960006677,2.7002070960006677,22.860558996006148,22.860558996006148,21.584973999999992,7.993424783430965,5828608,3563569152,233.42263599999998,10.21066394278276,0,3563569152
