label,build_warmup_seconds,build_steady_seconds,build_total_seconds,query_warmup_seconds,query_steady_seconds,build_cpu_seconds,build_cpu_utilisation,build_rss_delta_bytes,build_max_rss_bytes,query_cpu_seconds,query_cpu_utilisation,query_rss_delta_bytes,query_max_rss_bytes
PCCT (Numba),0.012492209003539756,0.7035585463491438,44.3366806289996,0.5052437350095715,0.471531949006021,52.869292,1.1924183514292523,958402560,3545604096,11.196984,23.740115847916773,0,3545604096
GPBoost CoverTree,2.9813289970043115,2.9813289970043115,2.9813289970043115,23.663350947987055,23.663350947987055,26.506556000000003,8.890426584365093,5816320,3545604096,242.519255,10.248676605873928,0,3545604096
