label,build_warmup_seconds,build_steady_seconds,build_total_seconds,query_warmup_seconds,query_steady_seconds,build_cpu_seconds,build_cpu_utilisation,build_rss_delta_bytes,build_max_rss_bytes,query_cpu_seconds,query_cpu_utilisation,query_rss_delta_bytes,query_max_rss_bytes
PCCT (Numba),0.005697918008081615,0.08463630783784713,2.629423460981343,0.06070921299397014,0.05202301501412876,4.696328,1.785835835837662,191754240,802951168,1.1641730000000008,22.346587799745514,16384,802951168
Sequential Baseline,33.01926415102207,33.01926415102207,33.01926415102207,0.19647121001617052,0.19647121001617052,32.927859000000005,0.9972283888597837,90112,802951168,0.19558500000000123,0.995061410218164,4096,802951168
GPBoost CoverTree,0.5249789230001625,0.5249789230001625,0.5249789230001625,2.8478848100057803,2.8478848100057803,2.9397140000000013,5.598617375829022,5795840,802951168,63.091820999999996,22.153132364981232,0,802951168
External CoverTree,14.921391853014939,14.921391853014939,14.921391853014939,8.642107245017542,8.642107245017542,14.869565999999992,0.996519651649952,0,802951168,8.611425000000004,0.9964361278779575,0,802951168
