label,build_warmup_seconds,build_steady_seconds,build_total_seconds,query_warmup_seconds,query_steady_seconds,build_cpu_seconds,build_cpu_utilisation,build_rss_delta_bytes,build_max_rss_bytes,query_cpu_seconds,query_cpu_utilisation,query_rss_delta_bytes,query_max_rss_bytes
PCCT (Numba),0.01230489497538656,0.6729830936048298,42.410239792079665,0.490600313001778,0.4481194649997633,51.08551799999999,1.2045260708760759,970813440,3543433216,10.909824999999998,24.340071620631182,12288,3543433216
Sequential Baseline,443.33852831300464,443.33852831300464,443.33852831300464,1.5648504659766331,1.5648504659766331,441.763395,0.9964468629570932,970752,3543433216,1.5609949999999913,0.9974648050491255,8192,3543433216
GPBoost CoverTree,2.830126611981541,2.830126611981541,2.830126611981541,23.050013954984024,23.050013954984024,25.936305999999988,9.163890554557511,5791744,3543433216,236.37641099999996,10.25487726935664,0,3543433216
External CoverTree,137.43263427499915,137.43263427499915,137.43263427499915,41.43539299099939,41.43539299099939,137.00435200000004,0.9968829057890731,0,3543433216,41.304664,0.9968424685913894,0,3543433216
