label,build_warmup_seconds,build_steady_seconds,build_total_seconds,query_warmup_seconds,query_steady_seconds,build_cpu_seconds,build_cpu_utilisation,build_rss_delta_bytes,build_max_rss_bytes,query_cpu_seconds,query_cpu_utilisation,query_rss_delta_bytes,query_max_rss_bytes
PCCT (Numba),0.012632750003831461,0.6889421228399788,43.4159864889225,0.5131369600130711,0.479103525984101,51.807806,1.1932565674489848,959873024,3552604160,11.051183999999997,23.060530601360096,24576,3552604160
GPBoost CoverTree,2.901623710000422,2.901623710000422,2.901623710000422,24.3884709069971,24.3884709069971,25.758266999999996,8.876762181535957,5828608,3552604160,243.351869,9.978101277084965,0,3552604160
