label,build_warmup_seconds,build_steady_seconds,build_total_seconds,query_warmup_seconds,query_steady_seconds,build_cpu_seconds,build_cpu_utilisation,build_rss_delta_bytes,build_max_rss_bytes,query_cpu_seconds,query_cpu_utilisation,query_rss_delta_bytes,query_max_rss_bytes
PCCT (Numba),0.005916149006225169,0.08474694045200463,2.633071303018369,0.06016186100896448,0.049280481005553156,4.684846,1.7789456456169128,183029760,790798336,1.145867,23.214499988691337,45056,790798336
GPBoost CoverTree,0.5453006599855144,0.5453006599855144,0.5453006599855144,2.8593187340011355,2.8593187340011355,2.372312,4.3494745582576115,5816320,790798336,58.73641,20.541192290498586,0,790798336
