label,build_warmup_seconds,build_steady_seconds,build_total_seconds,query_warmup_seconds,query_steady_seconds,build_cpu_seconds,build_cpu_utilisation,build_rss_delta_bytes,build_max_rss_bytes,query_cpu_seconds,query_cpu_utilisation,query_rss_delta_bytes,query_max_rss_bytes
PCCT (Numba),0.012094155012164265,0.6911967683986332,43.557490564126056,0.5108264150039759,0.49965443299151957,51.960177,1.1928786752658769,957177856,3563393024,10.891438,21.79302967817368,40960,3563393024
GPBoost CoverTree,3.149850524001522,3.149850524001522,3.149850524001522,24.42548765000538,24.42548765000538,29.863338,9.480387968970637,5832704,3563393024,241.62902300000002,9.892447542823609,0,3563393024
