{
  "default": 1.0499999985724084,
  "generated_at": 1762598533.9563498,
  "levels": {
    "0": {
      "applied_caps": {
        "max": 1.5,
        "mean": 1.5,
        "min": 1.5,
        "p50": 1.5,
        "p90": 1.5,
        "p95": 1.5,
        "p99": 1.5,
        "samples": 32256.0
      },
      "cap": 1.0499999985724084,
      "limit": {
        "max": 1.5,
        "mean": 1.5,
        "min": 1.5,
        "p50": 1.5,
        "p90": 1.5,
        "p95": 1.5,
        "p99": 1.5,
        "samples": 32256.0
      },
      "obs": {
        "max": 1.0,
        "mean": 0.9999999944165875,
        "min": 0.9999975858474415,
        "p50": 0.9999999985724084,
        "p90": 0.9999999998791859,
        "p95": 0.999999999956921,
        "p99": 0.9999999999980751,
        "samples": 32256.0
      }
    }
  },
  "margin": 0.05,
  "metadata": {
    "batch_size": 512,
    "build_mode": "batch",
    "residual_scope_cap_default": 1.5,
    "scope_chunk_max_segments": 256,
    "scope_chunk_target": 8192,
    "seed": 42,
    "tree_build_seconds": 700.4765007349779,
    "tree_points": 32768
  },
  "overview": {
    "max": 1.0,
    "mean": 0.9999999944165875,
    "min": 0.9999975858474415,
    "p50": 0.9999999985724084,
    "p90": 0.9999999998791859,
    "p95": 0.999999999956921,
    "p99": 0.9999999999980751,
    "samples": 32256.0
  },
  "percentile": 0.5,
  "radius_floor": 0.001,
  "schema": 1
}